PlaylistName,SKAP,Url,Country,total,captured,pirate
a,1209,13.com,DE,12000,400,20
b,1210,mdid.com,US,12001,401,21
c,1211,ddd,AF,12002,402,22
d,1212,.com,UK,12003,403,23
e,1213,djidj,ES,12004,404,24
f,1214,dkokaoko,DE,12005,405,25
g,1215,fjifjfjijf,US,12006,406,26
h,1216,ddjdijidjid,AF,12007,407,27
I,1217,fefmkf,UK,12008,408,28
j,1218,nqdndnw,ES,12009,409,29
k,1219,hdfjbwu,DE,12010,410,30
l,1220,ddd,US,12011,411,31
m,1221,eee,AF,12012,412,32
n,1222,ttt,UK,12013,413,33
o,1223,"t,lplplp",ES,12014,414,34
p ,1224,mnajdk,DE,12015,415,35
q,1225,ffjfi,US,12016,416,36
r,1226,ijdijidj,AF,12017,417,37
s,1227,udjdj,UK,12018,418,38
